topic,joke
science,Why don't scientists trust atoms? They make up everything!
food,What do you call a fake noodle? An impasta!
agriculture,Why did the scarecrow win an award? He was outstanding in his field!
food,Why don't eggs tell jokes? They'd crack each other up!
space,How do you organize a space party? You planet!
anatomy,Why don't skeletons fight each other? They don't have the guts!
kitchen,What do you call a can opener that doesn't work? A can't opener!
education,Why did the math book look so sad? Because it had too many problems!
animals,What do you call a bear with no teeth? A gummy bear!
food,Why did the cookie go to the doctor? Because it was feeling crumbly!
animals,What do you call a sleeping bull? A bulldozer!
food,Why don't eggs tell jokes? They'd crack each other up!
music,How do you make a tissue dance? Put a little boogie in it!
geography,What do you call a fake stone in Ireland? A sham rock!
marine life,Why don't oysters donate to charity? Because they're shellfish!
animals,What do you call a dog magician? A labracadabrador!
science,Why don't scientists trust atoms? They make up everything!
animals,How do you catch a squirrel? Climb a tree and act like a nut!
animals,What do you call a bear with no ears? B!
sports,Why did the golfer bring two pairs of pants? In case he got a hole in one!
animals,What do you call a pile of cats? A meowtain!
food,Why don't eggs tell jokes? They'd crack each other up!
food,What do you call a fake noodle? An impasta!
agriculture,Why did the scarecrow win an award? He was outstanding in his field!
space,How do you organize a space party? You planet!
anatomy,Why don't skeletons fight each other? They don't have the guts!
kitchen,What do you call a can opener that doesn't work? A can't opener!
education,Why did the math book look so sad? Because it had too many problems!
animals,What do you call a bear with no teeth? A gummy bear!
food,Why did the cookie go to the doctor? Because it was feeling crumbly!
animals,What do you call a sleeping bull? A bulldozer!
music,How do you make a tissue dance? Put a little boogie in it!
geography,What do you call a fake stone in Ireland? A sham rock!
marine life,Why don't oysters donate to charity? Because they're shellfish!
animals,What do you call a dog magician? A labracadabrador!
animals,How do you catch a squirrel? Climb a tree and act like a nut!
animals,What do you call a bear with no ears? B!
sports,Why did the golfer bring two pairs of pants? In case he got a hole in one!
animals,What do you call a pile of cats? A meowtain!
food,Why don't eggs tell jokes? They'd crack each other up!
food,What do you call a fake noodle? An impasta!
agriculture,Why did the scarecrow win an award? He was outstanding in his field!
space,How do you organize a space party? You planet!
anatomy,Why don't skeletons fight each other? They don't have the guts!
kitchen,What do you call a can opener that doesn't work? A can't opener!
education,Why did the math book look so sad? Because it had too many problems!
animals,What do you call a bear with no teeth? A gummy bear!
food,Why did the cookie go to the doctor? Because it was feeling crumbly!
animals,What do you call a sleeping bull? A bulldozer!
music,How do you make a tissue dance? Put a little boogie in it!
geography,What do you call a fake stone in Ireland? A sham rock!
marine life,Why don't oysters donate to charity? Because they're shellfish!
animals,What do you call a dog magician? A labracadabrador!
animals,How do you catch a squirrel? Climb a tree and act like a nut!
animals,What do you call a bear with no ears? B!
sports,Why did the golfer bring two pairs of pants? In case he got a hole in one!
animals,What do you call a pile of cats? A meowtain!
food,Why don't eggs tell jokes? They'd crack each other up!
food,What do you call a fake noodle? An impasta!
agriculture,Why did the scarecrow win an award? He was outstanding in his field!
space,How do you organize a space party? You planet!
anatomy,Why don't skeletons fight each other? They don't have the guts!
kitchen,What do you call a can opener that doesn't work? A can't opener!
education,Why did the math book look so sad? Because it had too many problems!
animals,What do you call a bear with no teeth? A gummy bear!
food,Why did the cookie go to the doctor? Because it was feeling crumbly!
animals,What do you call a sleeping bull? A bulldozer!
music,How do you make a tissue dance? Put a little boogie in it!
geography,What do you call a fake stone in Ireland? A sham rock!
marine life,Why don't oysters donate to charity? Because they're shellfish!
animals,What do you call a dog magician? A labracadabrador!
animals,How do you catch a squirrel? Climb a tree and act like a nut!
animals,What do you call a bear with no ears? B!
sports,Why did the golfer bring two pairs of pants? In case he got a hole in one!
animals,What do you call a pile of cats? A meowtain!
food,Why don't eggs tell jokes? They'd crack each other up!
food,What do you call a fake noodle? An impasta!
agriculture,Why did the scarecrow win an award? He was outstanding in his field!
space,How do you organize a space party? You planet!
anatomy,Why don't skeletons fight each other? They don't have the guts!
kitchen,What do you call a can opener that doesn't work? A can't opener!
education,Why did the math book look so sad? Because it had too many problems!
animals,What do you call a bear with no teeth? A gummy bear!
food,Why did the cookie go to the doctor? Because it was feeling crumbly!
animals,What do you call a sleeping bull? A bulldozer!
music,How do you make a tissue dance? Put a little boogie in it!
geography,What do you call a fake stone in Ireland? A sham rock!
marine life,Why don't oysters donate to charity? Because they're shellfish!
animals,What do you call a dog magician? A labracadabrador!
animals,How do you catch a squirrel? Climb a tree and act like a nut!
animals,What do you call a bear with no ears? B!
sports,Why did the golfer bring two pairs of pants? In case he got a hole in one!
animals,What do you call a pile of cats? A meowtain!
food,Why don't eggs tell jokes? They'd crack each other up!
food,What do you call a fake noodle? An impasta!
agriculture,Why did the scarecrow win an award? He was outstanding in his field!
space,How do you organize a space party? You planet!
anatomy,Why don't skeletons fight each other? They don't have the guts!
kitchen,What do you call a can opener that doesn't work? A can't opener!
education,Why did the math book look so sad? Because it had too many problems!
animals,What do you call a bear with no teeth? A gummy bear!
food,Why did the cookie go to the doctor? Because it was feeling crumbly!